text,label,source,score
"Do you realize that in about 40 years, we'll have thousands of old ladies running around with tattoos?",spam,uci,0.2635335687660195
dating:i have had two of these. Only started after i sent a text to talk sport radio last week. Any connection do you think or coincidence?,spam,uci,0.35478181233073586
ROMCA Everyone around should be responding well to your presence since you are so warm and outgoing. You are bringing in a real breath of sunshine.,spam,mishra,0.3694969777614213
ROMCAPspam Everyone around should be responding well to your presence since you are so warm and outgoing. You are bringing in a real breath of sunshine.,spam,uci,0.37201863733814977
"Sunshine Hols. To claim ur med holiday send a stamped self address envelope to Drinks on Us UK, PO Box 113, Bray, Wicklow, Eire. Quiz Starts Saturday!",spam,mishra,0.4003475273121588
"Sunshine Hols. To claim ur med holiday send a stamped self address envelope to Drinks on Us UK, PO Box 113, Bray, Wicklow, Eire. Quiz Starts Saturday! Unsub Stop",spam,uci,0.4277555140177507
"Dear customer,Your Apple 1D is due to expire today Prevent this by confiming your Apple ID at ataligaid daal.au",smishing,mishra,0.4286632487924648
You have an important customer service announcement from PREMIER.,spam,uci,0.43343498301749567
Kit Strip - you have been billed 150p. Netcollex Ltd. PO Box 1013 IG11 OJA,spam,uci,0.47876120548523815
